{"cameraMode":{"drawMode":0,"name":"Shaded","section":"Shading Mode"},"sceneLighting":true,"audioPlay":false,"sceneViewState":{"m_AlwaysRefresh":false,"showFog":true,"showSkybox":true,"showFlares":true,"showImageEffects":true,"showParticleSystems":true,"showVisualEffectGraphs":true,"m_FxEnabled":true},"in2DMode":false,"pivot":{"x":0.3308405876159668,"y":2.9761252403259279,"z":-3.090938091278076},"rotation":{"x":0.2503786087036133,"y":-0.19160477817058564,"z":0.05064556375145912,"w":0.9476566314697266},"size":3.1922004222869875,"orthographic":false}