{"cameraMode":{"drawMode":0,"name":"Shaded","section":"Shading Mode"},"sceneLighting":true,"audioPlay":false,"sceneViewState":{"m_AlwaysRefresh":false,"showFog":true,"showSkybox":true,"showFlares":true,"showImageEffects":true,"showParticleSystems":true,"showVisualEffectGraphs":true,"m_FxEnabled":true},"in2DMode":false,"pivot":{"x":-3.2485876083374025,"y":3.7614362239837648,"z":-7.434454917907715},"rotation":{"x":-0.04321879893541336,"y":-0.2989409565925598,"z":0.013553962111473084,"w":-0.9532018303871155},"size":12.260865211486817,"orthographic":false}