{"cameraMode":{"drawMode":0,"name":"Shaded","section":"Shading Mode"},"sceneLighting":true,"audioPlay":false,"sceneViewState":{"m_AlwaysRefresh":false,"showFog":true,"showSkybox":true,"showFlares":true,"showImageEffects":true,"showParticleSystems":true,"showVisualEffectGraphs":true,"m_FxEnabled":true},"in2DMode":false,"pivot":{"x":-1.5391528606414796,"y":0.6023471355438232,"z":-3.4292359352111818},"rotation":{"x":-0.046073079109191897,"y":-0.6342621445655823,"z":-0.037895556539297107,"w":0.7708330154418945},"size":-3.7922003269195558,"orthographic":false}